"c_ng_per_ml","physostigmin_std"
0.05,0.018295
0.1,0.032343
0.5,0.136184
1,0.254692
2,0.497798
5,1.292602
10,2.538851
